case_id,implied_vol
1,0.200000
2,0.200000
3,0.250000
4,0.250000
5,0.200000
